City_ID,City,Country,Date,Lat,Lng,Max Temp,Humidity,Cloudiness,Wind Speed
0,Mataura,NZ,2021-07-14 14:51:24,-46.1927,168.8643,46.47,93,100,6.96
1,Saint-Pierre,RE,2021-07-14 14:51:24,-21.3393,55.4781,73.08,72,75,11.5
2,Saint-Philippe,RE,2021-07-14 14:51:24,-21.3585,55.7679,72.99,84,46,14.67
3,Nikolskoye,RU,2021-07-14 14:51:25,59.7035,30.7861,89.49,48,90,4.27
4,Rikitea,PF,2021-07-14 14:50:09,-23.1203,-134.9692,72.84,71,1,8.28
5,Green River,US,2021-07-14 14:51:25,41.5286,-109.4662,69.19,27,61,10.56
6,Vao,NC,2021-07-14 14:51:26,-22.6667,167.4833,68.34,57,77,18.05
7,Vostok,RU,2021-07-14 14:51:26,46.4856,135.8833,69.17,92,100,3.42
8,Ushuaia,AR,2021-07-14 14:51:26,-54.8,-68.3,28.06,86,20,6.91
9,Albany,US,2021-07-14 14:51:26,42.6001,-73.9662,80.53,82,91,4.03
10,Zarate,AR,2021-07-14 14:47:11,-34.0981,-59.0286,54.01,92,100,9.46
11,Shestakovo,RU,2021-07-14 14:51:27,56.4915,103.96,62.73,73,100,5.06
12,Lamtah,TN,2021-07-14 14:51:27,35.6667,10.8833,85.75,54,0,17.27
13,Ostrovnoy,RU,2021-07-14 14:51:28,68.0531,39.5131,51.57,96,100,6.93
14,Yellowknife,CA,2021-07-14 14:51:28,62.456,-114.3525,69.3,82,40,1.99
15,Cherskiy,RU,2021-07-14 14:51:28,68.75,161.3,42.22,86,0,7.65
16,Atuona,PF,2021-07-14 14:51:29,-9.8,-139.0333,77.94,66,78,21.88
17,Barrow,US,2021-07-14 14:51:29,71.2906,-156.7887,33.82,86,90,10.36
18,Kodiak,US,2021-07-14 14:51:29,57.79,-152.4072,53.11,76,90,6.91
19,Bluff,NZ,2021-07-14 14:51:30,-46.6,168.3333,46.8,65,100,21.32
20,Busselton,AU,2021-07-14 14:51:30,-33.65,115.3333,48.04,67,98,28.45
21,Nanortalik,GL,2021-07-14 14:51:30,60.1432,-45.2371,50.18,73,11,13.62
22,Port Elizabeth,ZA,2021-07-14 14:50:44,-33.918,25.5701,59.29,47,0,9.22
23,Salalah,OM,2021-07-14 14:51:31,17.0151,54.0924,80.55,82,100,3.83
24,Cockburn Town,TC,2021-07-14 14:51:31,21.4612,-71.1419,82.36,65,40,11.5
25,Farafangana,MG,2021-07-14 14:51:31,-22.8167,47.8333,69.42,83,0,8.52
26,Petropavlovsk-Kamchatskiy,RU,2021-07-14 14:51:32,53.0452,158.6483,64.99,82,75,4.47
27,Imbituba,BR,2021-07-14 14:51:32,-28.24,-48.6703,72.82,58,99,4.63
28,Portland,US,2021-07-14 14:50:03,45.5234,-122.6762,62.69,82,90,1.01
29,Punta Arenas,CL,2021-07-14 14:51:33,-53.15,-70.9167,37.51,93,90,14.97
30,Tuktoyaktuk,CA,2021-07-14 14:51:33,69.4541,-133.0374,42.8,93,90,20.71
31,Thompson,CA,2021-07-14 14:51:33,55.7435,-97.8558,62.76,63,75,3.44
32,Avarua,CK,2021-07-14 14:51:34,-21.2078,-159.775,77.05,83,40,9.22
33,New Norfolk,AU,2021-07-14 14:51:34,-42.7826,147.0587,48.76,88,85,1.39
34,Chimore,BO,2021-07-14 14:51:34,-16.9833,-65.1333,82.2,55,97,2.77
35,Coquimbo,CL,2021-07-14 14:51:35,-29.9533,-71.3436,55.13,66,90,3.44
36,Hasaki,JP,2021-07-14 14:51:35,35.7333,140.8333,73.8,90,100,8.55
37,Dalvik,IS,2021-07-14 14:51:35,65.9702,-18.5286,51.73,85,100,4.36
38,Ambanja,MG,2021-07-14 14:51:36,-13.6833,48.45,80.53,77,0,1.12
39,Tiksi,RU,2021-07-14 14:51:36,71.6872,128.8694,42.75,63,35,19.37
40,Cape Town,ZA,2021-07-14 14:49:31,-33.9258,18.4232,59.11,53,20,1.01
41,Provideniya,RU,2021-07-14 14:51:36,64.3833,-173.3,48.38,90,64,7.23
42,Ancud,CL,2021-07-14 14:51:37,-41.8697,-73.8203,47.73,88,85,9.48
43,Verkhnetulomskiy,RU,2021-07-14 14:51:37,68.6073,31.7962,57.33,70,97,10.22
44,Havelock,US,2021-07-14 14:51:37,34.8791,-76.9013,86.05,76,54,4.0
45,Husavik,IS,2021-07-14 14:51:38,66.0449,-17.3389,51.71,74,100,2.68
46,Port Alfred,ZA,2021-07-14 14:51:38,-33.5906,26.891,60.8,35,0,7.47
47,Srednekolymsk,RU,2021-07-14 14:51:38,67.45,153.6833,50.36,68,44,7.16
48,Poum,NC,2021-07-14 14:51:39,-20.2333,164.0167,70.29,67,25,19.08
49,Upernavik,GL,2021-07-14 14:51:39,72.7868,-56.1549,37.96,94,100,12.57
50,Kulob,TJ,2021-07-14 14:51:39,37.9145,69.783,92.16,24,0,2.24
51,Bredasdorp,ZA,2021-07-14 14:51:40,-34.5322,20.0403,60.12,51,21,8.05
52,Sangar,RU,2021-07-14 14:51:40,63.9242,127.4739,59.49,78,33,5.21
53,Jamestown,US,2021-07-14 14:51:40,42.097,-79.2353,72.72,87,90,4.0
54,Waingapu,ID,2021-07-14 14:51:41,-9.6567,120.2641,72.16,80,15,9.46
55,Carutapera,BR,2021-07-14 14:51:41,-1.195,-46.02,85.55,61,37,8.34
56,Inhambane,MZ,2021-07-14 14:51:41,-23.865,35.3833,71.58,60,75,11.99
57,Watrous,CA,2021-07-14 14:51:42,51.6668,-105.4679,64.18,68,39,5.75
58,Lompoc,US,2021-07-14 14:51:42,34.6391,-120.4579,66.09,85,90,3.44
59,Esperance,AU,2021-07-14 14:51:42,-33.8667,121.9,53.44,67,11,27.49
60,Porto Novo,BJ,2021-07-14 14:51:43,6.4965,2.6036,84.02,63,92,12.46
61,Biltine,TD,2021-07-14 14:51:43,14.5333,20.9167,94.82,33,99,5.91
62,Cidreira,BR,2021-07-14 14:51:43,-30.1811,-50.2056,65.55,70,100,3.8
63,Medicine Hat,CA,2021-07-14 14:51:44,50.0501,-110.6683,73.22,53,90,1.99
64,Beira,MZ,2021-07-14 14:51:44,-19.8436,34.8389,75.29,78,75,18.01
65,Sitka,US,2021-07-14 14:51:44,57.0531,-135.33,53.49,87,90,0.0
66,Isiro,CD,2021-07-14 14:51:45,2.7739,27.616,79.5,62,100,2.17
67,Lagoa,PT,2021-07-14 14:51:45,39.05,-27.9833,69.13,81,99,14.43
68,Rio Grande,BR,2021-07-14 14:51:45,-32.035,-52.0986,60.91,93,100,11.74
69,Jizan,SA,2021-07-14 14:51:46,17.3333,42.6667,94.14,45,92,11.63
70,Hualmay,PE,2021-07-14 14:51:46,-11.0964,-77.6139,65.32,77,81,8.23
71,Port Harcourt,NG,2021-07-14 14:51:46,4.7774,7.0134,82.49,71,82,9.75
72,Egvekinot,RU,2021-07-14 14:51:47,66.3167,-179.1667,45.27,86,53,3.8
73,Keningau,MY,2021-07-14 14:51:47,5.3378,116.1602,73.85,99,100,1.72
74,Davila,PH,2021-07-14 14:51:47,18.4726,120.5763,82.02,79,100,5.7
75,Saskylakh,RU,2021-07-14 14:51:48,71.9167,114.0833,40.8,78,100,19.15
76,Hermanus,ZA,2021-07-14 14:51:48,-34.4187,19.2345,58.8,67,60,11.81
77,Naze,JP,2021-07-14 14:51:48,28.3667,129.4833,78.67,86,100,8.72
78,Sao Joao Da Barra,BR,2021-07-14 14:51:49,-21.6403,-41.0511,78.89,70,51,9.95
79,Kailua,US,2021-07-14 14:51:49,21.4022,-157.7394,78.78,74,90,9.22
80,Pevek,RU,2021-07-14 14:51:49,69.7008,170.3133,36.18,96,100,2.53
81,Torbay,CA,2021-07-14 14:51:50,47.6666,-52.7314,73.76,61,40,12.66
82,Mizdah,LY,2021-07-14 14:51:50,31.4451,12.9801,105.49,11,0,12.37
83,Xucheng,CN,2021-07-14 14:51:50,20.35,110.1288,81.3,78,7,14.23
84,Kaitangata,NZ,2021-07-14 14:51:51,-46.2817,169.8464,47.93,67,100,8.5
85,Panaba,MX,2021-07-14 14:51:51,21.2833,-88.2667,89.83,52,82,11.68
86,Kazerun,IR,2021-07-14 14:51:51,29.6195,51.6541,95.4,15,5,7.76
87,Monki,PL,2021-07-14 14:51:52,53.405,22.7979,85.82,55,9,3.53
88,Hilo,US,2021-07-14 14:51:44,19.7297,-155.09,74.28,88,75,0.0
89,Longyearbyen,SJ,2021-07-14 14:51:52,78.2186,15.6401,42.64,81,75,6.91
90,Oloron-Sainte-Marie,FR,2021-07-14 14:51:52,43.1944,-0.6107,67.93,83,94,5.64
91,Panama City,PA,2021-07-14 14:51:53,8.9936,-79.5197,84.15,80,40,3.44
92,Zalantun,CN,2021-07-14 14:51:53,48.0,122.7167,73.22,97,90,6.35
93,Tutoia,BR,2021-07-14 14:51:53,-2.7619,-42.2744,87.78,56,17,8.23
94,Arzgir,RU,2021-07-14 14:51:54,45.3728,44.2206,91.38,19,1,10.63
95,Hobart,AU,2021-07-14 14:51:54,-42.8794,147.3294,49.12,95,96,1.01
96,Sao Filipe,CV,2021-07-14 14:51:54,14.8961,-24.4956,75.22,84,34,8.12
97,Kloulklubed,PW,2021-07-14 14:51:55,7.0419,134.2556,82.11,78,100,8.23
98,Kyshtovka,RU,2021-07-14 14:51:55,56.555,76.6271,62.82,95,100,4.97
99,Izhma,RU,2021-07-14 14:51:55,65.0083,53.9113,69.49,51,100,3.13
100,Kargasok,RU,2021-07-14 14:51:56,59.0556,80.8572,67.12,90,84,10.4
101,Tilichiki,RU,2021-07-14 14:51:56,60.4667,166.1,52.68,87,72,2.26
102,Kizema,RU,2021-07-14 14:51:57,61.113,44.8302,78.66,53,22,3.8
103,Khanpur,PK,2021-07-14 14:51:57,28.6453,70.6567,103.89,32,42,9.78
104,Songea,TZ,2021-07-14 14:51:57,-10.6833,35.65,69.49,58,97,5.61
105,Hofn,IS,2021-07-14 14:51:58,64.2539,-15.2082,50.02,93,90,11.5
106,Saint-Georges,GD,2021-07-14 14:51:58,12.0564,-61.7485,85.68,70,75,17.27
107,Baruun-Urt,MN,2021-07-14 14:51:58,46.6806,113.2792,74.88,45,100,9.91
108,Sao Felix Do Xingu,BR,2021-07-14 14:51:59,-6.6447,-51.995,92.44,26,5,6.64
109,Nouadhibou,MR,2021-07-14 14:51:59,20.931,-17.0347,78.78,65,10,16.11
110,Kamenka,RU,2021-07-14 14:51:59,51.3223,42.7678,81.64,49,66,4.34
111,Churapcha,RU,2021-07-14 14:52:00,62.0025,132.4325,61.72,69,0,7.36
112,Khatanga,RU,2021-07-14 14:52:00,71.9667,102.5,43.77,66,100,16.31
113,Cognac,FR,2021-07-14 14:52:00,45.5,-0.25,74.17,68,20,16.11
114,Buraydah,SA,2021-07-14 14:49:50,26.326,43.975,111.65,8,45,8.43
115,Puerto Ayora,EC,2021-07-14 14:52:01,-0.7393,-90.3518,75.16,78,84,12.35
116,Bengkulu,ID,2021-07-14 14:52:01,-3.8004,102.2655,76.66,72,100,4.16
117,Vardo,NO,2021-07-14 14:52:02,70.3705,31.1107,55.15,87,75,14.97
118,Vila Franca Do Campo,PT,2021-07-14 14:52:02,37.7167,-25.4333,73.81,65,1,6.93
119,Yabrud,SY,2021-07-14 14:52:02,33.9674,36.6574,91.06,21,0,7.29
120,Clyde River,CA,2021-07-14 14:52:03,70.4692,-68.5914,46.63,76,90,5.75
121,Una,IN,2021-07-14 14:52:03,20.8167,71.0333,82.35,82,54,14.9
122,Sioux Lookout,CA,2021-07-14 14:52:03,50.1001,-91.917,66.58,68,40,0.0
123,Cizre,TR,2021-07-14 14:52:04,37.3272,42.1903,105.78,10,0,8.16
124,Kropotkin,RU,2021-07-14 14:52:04,45.4375,40.5756,87.73,32,0,9.78
125,Les Cayes,HT,2021-07-14 14:52:04,18.2,-73.75,85.64,65,14,6.2
126,Karratha,AU,2021-07-14 14:52:05,-20.7377,116.8463,72.03,43,83,9.22
127,San Patricio,US,2021-07-14 14:52:05,28.017,-97.5169,86.88,68,34,6.51
128,Pauini,BR,2021-07-14 14:52:05,-7.7136,-66.9764,91.44,40,3,1.66
129,Albufeira,PT,2021-07-14 14:52:06,37.0882,-8.2503,76.84,51,0,8.99
130,Walvis Bay,NA,2021-07-14 14:52:06,-22.9575,14.5053,79.75,18,0,14.97
131,Ulaanbaatar,MN,2021-07-14 14:52:06,47.9077,106.8832,60.93,82,20,2.24
132,Tasiilaq,GL,2021-07-14 14:52:07,65.6145,-37.6368,40.91,94,100,2.24
133,Beruwala,LK,2021-07-14 14:52:07,6.4788,79.9828,80.1,85,100,7.9
134,Ternate,ID,2021-07-14 14:52:07,0.8,127.4,80.44,77,100,1.39
135,Airai,TL,2021-07-14 14:52:08,-8.9266,125.4092,56.97,90,98,3.15
136,Victoria,HK,2021-07-14 14:48:53,22.2855,114.1577,88.32,78,17,5.99
137,Aljezur,PT,2021-07-14 14:52:08,37.3191,-8.8033,76.84,51,3,8.59
138,Chuy,UY,2021-07-14 14:52:08,-33.6971,-53.4616,53.08,96,100,10.78
139,Katsuura,JP,2021-07-14 14:52:09,35.1333,140.3,78.12,89,100,2.01
140,Castro,BR,2021-07-14 14:52:09,-24.7911,-50.0119,70.93,40,83,8.41
141,Talnakh,RU,2021-07-14 14:52:09,69.4865,88.3972,50.77,59,57,3.09
142,Jian,CN,2021-07-14 14:52:10,27.1172,114.9793,83.01,69,87,2.53
143,Geraldton,AU,2021-07-14 14:52:10,-28.7667,114.6,61.21,59,40,18.41
144,Umm Kaddadah,SD,2021-07-14 14:52:10,13.6017,26.6876,86.02,38,98,2.84
145,Bad Reichenhall,DE,2021-07-14 14:52:11,47.7333,12.8833,64.08,86,75,4.61
146,Kaeo,NZ,2021-07-14 14:50:10,-35.1,173.7833,46.33,90,2,3.27
147,Vvedenskoye,RU,2021-07-14 14:52:11,55.4753,65.0847,59.0,48,87,8.08
148,Ovalle,CL,2021-07-14 14:52:11,-30.5983,-71.2003,56.26,62,0,1.99
149,Derac,HT,2021-07-14 14:52:12,19.65,-71.8167,86.58,57,7,11.07
150,Bambous Virieux,MU,2021-07-14 14:52:12,-20.3428,57.7575,72.21,68,20,13.8
151,Nieuwpoort,BE,2021-07-14 14:52:12,51.1244,2.7735,64.09,88,75,17.27
152,Leh,IN,2021-07-14 14:52:13,34.1667,77.5833,65.17,42,43,5.91
153,Chokurdakh,RU,2021-07-14 14:52:13,70.6333,147.9167,45.95,72,91,7.34
154,Vaini,TO,2021-07-14 14:52:14,-21.2,-175.2,73.56,94,75,6.91
155,Touros,BR,2021-07-14 14:52:14,-5.1989,-35.4608,83.3,64,97,18.61
156,Prainha,BR,2021-07-14 14:52:14,-1.8,-53.48,86.99,56,82,4.56
157,Olbia,IT,2021-07-14 14:51:07,40.9214,9.4856,80.65,39,20,21.85
158,Kieta,PG,2021-07-14 14:52:15,-6.2167,155.6333,79.95,85,74,9.64
159,Opunake,NZ,2021-07-14 14:52:15,-39.4556,173.8583,46.62,73,23,17.0
160,Tahoua,NE,2021-07-14 14:52:15,14.8888,5.2692,93.18,40,20,11.5
161,Saint George,US,2021-07-14 14:52:16,37.1041,-113.5841,84.54,61,18,1.01
162,Luganville,VU,2021-07-14 14:52:16,-15.5333,167.1667,77.29,88,66,15.17
163,Palmer,US,2021-07-14 14:52:16,42.1584,-72.3287,76.26,83,90,0.0
164,Dikson,RU,2021-07-14 14:52:17,73.5069,80.5464,36.3,91,100,9.04
165,Barcelona,ES,2021-07-14 14:50:46,41.3888,2.159,86.34,66,20,1.99
166,Pak Phanang,TH,2021-07-14 14:52:17,8.3511,100.202,79.41,81,99,9.6
167,Lebu,CL,2021-07-14 14:52:18,-37.6167,-73.65,51.31,67,61,3.65
168,Mao,ES,2021-07-14 14:52:18,39.8885,4.2658,81.16,44,20,9.22
169,San Quintin,MX,2021-07-14 14:52:18,30.4833,-115.95,69.94,79,2,3.4
170,Samarinda,ID,2021-07-14 14:52:18,-0.5,117.15,70.18,99,85,2.06
171,Flin Flon,CA,2021-07-14 14:52:19,54.7682,-101.865,67.84,68,20,2.3
172,Butaritari,KI,2021-07-14 14:52:19,3.0707,172.7902,83.12,77,88,14.45
173,Paamiut,GL,2021-07-14 14:52:19,61.994,-49.6678,45.25,89,85,18.7
174,Klaksvik,FO,2021-07-14 14:52:20,62.2266,-6.589,52.72,97,100,27.87
175,Baykit,RU,2021-07-14 14:52:20,61.67,96.37,64.29,65,54,7.07
176,Lavrentiya,RU,2021-07-14 14:52:20,65.5833,-171.0,44.82,92,69,5.12
177,Awbari,LY,2021-07-14 14:52:21,26.5921,12.7805,104.25,9,0,15.48
178,Darhan,MN,2021-07-14 14:52:21,49.4867,105.9228,62.96,77,8,1.99
179,Mancio Lima,BR,2021-07-14 14:52:21,-7.6142,-72.8958,82.47,83,0,4.61
180,Dingle,PH,2021-07-14 14:52:22,10.9995,122.6711,77.22,90,100,2.98
181,Ust-Ishim,RU,2021-07-14 14:52:22,57.6935,71.1665,44.96,96,100,13.89
182,Melnikovo,RU,2021-07-14 14:52:22,56.5558,84.085,69.93,91,89,7.52
183,Estelle,US,2021-07-14 14:52:23,29.8458,-90.1067,88.0,70,75,4.61
184,Katobu,ID,2021-07-14 14:52:23,-4.9408,122.5276,73.49,92,100,2.06
185,Soria,ES,2021-07-14 14:52:23,41.6667,-2.6667,72.01,28,99,2.19
186,Chicama,PE,2021-07-14 14:52:24,-7.8447,-79.1469,63.14,72,58,7.9
187,Ponta Do Sol,PT,2021-07-14 14:52:24,32.6667,-17.1,82.71,68,0,6.58
188,Moose Factory,CA,2021-07-14 14:52:25,51.2585,-80.6094,57.2,82,90,8.05
189,Bergkamen,DE,2021-07-14 14:52:25,51.6333,7.6333,70.83,94,90,13.8
190,Jiangkou,CN,2021-07-14 14:52:25,25.4872,119.1986,82.29,88,17,3.83
191,Cooma,AU,2021-07-14 14:52:26,-36.2333,149.1333,46.17,81,75,8.05
192,Nioro,GM,2021-07-14 14:52:26,13.35,-15.75,91.71,51,100,8.97
193,Huarmey,PE,2021-07-14 14:52:26,-10.0681,-78.1522,66.99,76,76,9.8
194,Lincoln,US,2021-07-14 14:48:53,40.8,-96.667,77.67,83,20,4.61
195,Cabo San Lucas,MX,2021-07-14 14:49:52,22.8909,-109.9124,85.05,73,74,5.77
196,Olga,RU,2021-07-14 14:52:27,43.7444,135.2892,62.94,98,45,2.42
197,Dwarka,IN,2021-07-14 14:52:27,22.2394,68.9678,84.09,81,31,14.43
198,Guadalupe Victoria,MX,2021-07-14 14:52:28,32.2869,-115.105,90.95,56,38,8.86
199,Chute-Aux-Outardes,CA,2021-07-14 14:52:28,49.1168,-68.399,66.51,100,90,4.61
200,Tuatapere,NZ,2021-07-14 14:52:28,-46.1333,167.6833,46.81,84,100,10.02
201,Kapaa,US,2021-07-14 14:52:29,22.0752,-159.319,77.32,63,1,11.5
202,Yekepa,LR,2021-07-14 14:52:29,7.5753,-8.5419,77.43,82,100,3.8
203,Cozumel,MX,2021-07-14 14:48:23,20.5083,-86.9458,87.01,85,75,4.0
204,Ambulu,ID,2021-07-14 14:52:30,-8.345,113.6058,72.61,86,67,4.05
205,Borogontsy,RU,2021-07-14 14:52:30,62.6683,131.1683,68.79,51,57,7.2
206,Dudinka,RU,2021-07-14 14:52:30,69.4058,86.1778,51.21,59,63,3.33
207,Havoysund,NO,2021-07-14 14:52:31,70.9963,24.6622,52.68,96,98,8.81
208,Am Timan,TD,2021-07-14 14:52:31,11.0297,20.2827,85.39,57,100,1.14
209,Dunedin,NZ,2021-07-14 14:52:31,-45.8742,170.5036,47.8,77,100,5.99
210,Port Moresby,PG,2021-07-14 14:52:32,-9.4431,147.1797,76.42,94,20,5.75
211,Troitsko-Pechorsk,RU,2021-07-14 14:52:32,62.7084,56.1964,70.52,46,84,2.15
212,Lovozero,RU,2021-07-14 14:52:32,68.005,35.0117,59.68,64,85,16.2
213,Mahebourg,MU,2021-07-14 14:52:32,-20.4081,57.7,72.25,68,20,13.8
214,East London,ZA,2021-07-14 14:52:33,-33.0153,27.9116,61.74,41,0,5.75
215,Santa Maria,BR,2021-07-14 14:48:36,-29.6842,-53.8069,67.3,83,100,6.91
216,Ribeira Grande,PT,2021-07-14 14:52:33,38.5167,-28.7,75.6,78,40,10.36
217,Bahawalpur,PK,2021-07-14 14:49:18,29.4,71.6833,102.94,34,30,6.93
218,Whitianga,NZ,2021-07-14 14:52:34,-36.8333,175.7,44.02,88,83,6.4
219,Oistins,BB,2021-07-14 14:52:34,13.0667,-59.5333,86.09,66,40,18.41
220,Brejo,BR,2021-07-14 14:52:34,-3.6844,-42.7503,91.72,34,5,5.17
221,Dukat,RU,2021-07-14 14:52:35,62.55,155.55,51.64,86,100,2.48
222,Birao,CF,2021-07-14 14:52:35,10.2849,22.7882,90.59,45,78,4.12
223,Ahipara,NZ,2021-07-14 14:52:35,-35.1667,173.1667,48.25,75,14,3.11
224,Kimbe,PG,2021-07-14 14:52:36,-5.5502,150.1429,76.15,92,90,5.1
225,Wad Rawah,SD,2021-07-14 14:52:36,15.1603,33.1397,94.08,36,53,15.28
226,Atherton,GB,2021-07-14 14:52:36,53.5237,-2.4935,74.75,66,69,8.01
227,Brasileia,BR,2021-07-14 14:52:37,-11.0161,-68.7481,82.85,74,53,5.75
228,Seymchan,RU,2021-07-14 14:52:37,62.8833,152.4333,57.24,69,100,8.5
229,Baiyin,CN,2021-07-14 14:52:37,36.5583,104.2081,70.68,53,97,5.39
230,Carnarvon,AU,2021-07-14 14:52:38,-24.8667,113.6333,60.87,55,75,8.05
231,Dakar,SN,2021-07-14 14:52:38,14.6937,-17.4441,85.08,70,20,13.8
232,Komsomolskiy,UZ,2021-07-14 14:52:38,40.4272,71.7189,88.52,22,72,9.22
233,Irbit,RU,2021-07-14 14:52:39,57.6705,63.071,60.85,54,11,5.26
234,Los Llanos De Aridane,ES,2021-07-14 14:52:39,28.6585,-17.9182,77.13,73,0,17.27
235,Hambantota,LK,2021-07-14 14:52:39,6.1241,81.1185,84.54,79,20,9.22
236,Bandarbeyla,SO,2021-07-14 14:52:40,9.4942,50.8122,85.89,54,64,31.68
237,Boa Vista,BR,2021-07-14 14:52:40,2.8197,-60.6733,76.98,88,90,4.61
238,Qaanaaq,GL,2021-07-14 14:52:41,77.484,-69.3632,38.52,99,100,1.83
239,Zeya,RU,2021-07-14 14:52:41,53.75,127.2667,66.61,94,99,7.43
240,Belyy Yar,RU,2021-07-14 14:52:41,53.6039,91.3903,71.49,73,0,4.47
241,Merauke,ID,2021-07-14 14:52:42,-8.4667,140.3333,77.67,88,54,13.06
242,Portree,GB,2021-07-14 14:52:42,57.4129,-6.1942,59.86,90,99,13.65
243,Faanui,PF,2021-07-14 14:52:42,-16.4833,-151.75,80.04,64,6,21.0
244,San Cristobal,VE,2021-07-14 14:52:43,7.7669,-72.225,80.78,51,75,6.82
245,Dunmore East,IE,2021-07-14 14:50:14,52.1514,-6.9861,75.24,62,40,10.36
246,Aleksandrov Gay,RU,2021-07-14 14:52:43,50.147,48.5704,88.97,28,9,13.02
247,Vuktyl,RU,2021-07-14 14:52:43,63.8567,57.3094,68.49,41,69,5.39
248,Caravelas,BR,2021-07-14 14:52:44,-17.7125,-39.2481,80.71,53,0,7.4
249,Chapais,CA,2021-07-14 14:48:57,49.7834,-74.8492,69.58,94,100,12.84
250,Pangody,RU,2021-07-14 14:52:44,65.85,74.4859,56.93,46,68,5.32
251,Ketchikan,US,2021-07-14 14:52:45,55.3422,-131.6461,55.87,76,75,0.0
252,Shingu,JP,2021-07-14 14:52:45,33.7333,135.9833,77.92,90,100,3.18
253,Bintulu,MY,2021-07-14 14:52:45,3.1667,113.0333,75.61,94,40,3.0
254,Half Moon Bay,US,2021-07-14 14:52:45,37.4636,-122.4286,60.58,85,90,1.01
255,Acarau,BR,2021-07-14 14:52:46,-2.8856,-40.12,88.59,49,49,15.35
256,Codrington,AU,2021-07-14 14:52:46,-38.2667,141.9667,52.16,90,100,14.58
257,Georgetown,MY,2021-07-14 14:48:32,5.4112,100.3354,82.35,65,20,0.0
258,College,US,2021-07-14 14:52:47,64.8569,-147.8028,65.21,71,75,5.75
259,Yarada,IN,2021-07-14 14:52:47,17.65,83.2667,82.72,89,40,4.61
260,Saint-Augustin,CA,2021-07-14 14:52:47,51.226,-58.6502,78.8,36,0,17.29
261,Mar Del Plata,AR,2021-07-14 14:50:18,-38.0023,-57.5575,52.12,44,0,3.0
262,Jevargi,IN,2021-07-14 14:52:48,17.0167,76.7667,76.06,84,100,17.65
263,Porecatu,BR,2021-07-14 14:52:48,-22.7558,-51.3792,79.27,29,63,7.81
264,Constitucion,CL,2021-07-14 14:52:48,-35.3333,-72.4167,51.51,57,0,4.65
265,San Ramon,US,2021-07-14 14:50:20,37.7799,-121.978,60.58,87,20,5.01
266,La Libertad,EC,2021-07-14 14:52:49,-2.2333,-80.9,69.46,94,90,10.36
267,Puertollano,ES,2021-07-14 14:52:49,38.6871,-4.1073,86.2,17,30,8.19
268,Comarapa,BO,2021-07-14 14:52:49,-17.9,-64.4833,65.3,58,35,6.17
269,Iringa,TZ,2021-07-14 14:52:50,-7.7667,35.7,64.49,70,100,8.66
270,Ganzhou,CN,2021-07-14 14:47:51,28.8184,115.4327,84.83,70,41,1.77
271,Mecca,SA,2021-07-14 14:52:50,21.4267,39.8261,98.04,17,76,16.84
272,Wote,KE,2021-07-14 14:52:50,-1.7808,37.6288,71.29,59,100,8.55
273,Arraial Do Cabo,BR,2021-07-14 14:52:51,-22.9661,-42.0278,78.76,65,0,8.05
274,Fort Nelson,CA,2021-07-14 14:52:51,58.8053,-122.7002,62.19,77,75,2.3
275,Syedove,UA,2021-07-14 14:52:51,47.0768,38.156,87.01,49,0,9.01
276,Pucara,PE,2021-07-14 14:52:52,-15.9803,-71.4606,42.93,35,23,0.69
277,Locri,IT,2021-07-14 14:52:52,38.2414,16.2623,82.31,63,1,17.78
278,Carballo,ES,2021-07-14 14:52:52,43.213,-8.691,75.58,82,86,11.27
279,Zhanaozen,KZ,2021-07-14 14:52:53,43.3,52.8,88.63,16,95,4.52
280,Sohag,EG,2021-07-14 14:52:53,26.557,31.6948,102.49,13,67,18.07
281,Cibitoke,BI,2021-07-14 14:52:53,-2.8833,29.25,69.31,67,90,7.49
282,Grand-Lahou,CI,2021-07-14 14:52:54,5.1367,-5.0242,76.91,86,100,11.88
283,Vestmannaeyjar,IS,2021-07-14 14:52:54,63.4427,-20.2734,50.99,87,40,16.11
284,Linxia,CN,2021-07-14 14:52:54,35.6003,103.2064,60.6,89,100,4.63
285,Eufaula,US,2021-07-14 14:52:55,31.8913,-85.1455,86.32,51,11,2.66
286,Horqueta,PY,2021-07-14 14:52:55,-23.3428,-57.0597,89.42,20,100,10.47
287,Guerrero Negro,MX,2021-07-14 14:52:55,27.9769,-114.0611,72.28,69,43,6.85
288,Curillo,CO,2021-07-14 14:52:56,1.0333,-75.9191,71.62,93,98,0.87
289,Maningrida,AU,2021-07-14 14:52:56,-12.0667,134.2667,74.37,80,61,9.37
290,Mount Gambier,AU,2021-07-14 14:52:56,-37.8333,140.7667,51.71,93,91,13.8
291,Montemorelos,MX,2021-07-14 14:52:57,25.2,-99.8167,78.67,66,99,6.82
292,Decatur,US,2021-07-14 14:52:57,39.8403,-88.9548,79.81,88,75,9.22
293,Nemuro,JP,2021-07-14 14:52:57,43.3236,145.575,58.95,97,100,6.08
294,Jaisalmer,IN,2021-07-14 14:52:58,26.9147,70.9181,97.3,49,73,3.13
295,Kafanchan,NG,2021-07-14 14:52:58,9.5833,8.3,78.98,73,70,2.24
296,Kapit,MY,2021-07-14 14:52:58,2.0167,112.9333,70.99,99,100,1.72
297,Lata,PT,2021-07-14 14:52:59,40.1629,-8.3327,89.35,25,37,9.42
298,Alta Gracia,AR,2021-07-14 14:52:59,-31.6529,-64.4283,53.89,61,88,5.77
299,Killorglin,IE,2021-07-14 14:52:59,52.1,-9.7833,66.18,88,90,4.61
300,Beringovskiy,RU,2021-07-14 14:52:59,63.05,179.3167,52.83,80,14,6.82
301,Corum,TR,2021-07-14 14:53:00,40.5,34.75,79.68,33,0,11.43
302,Kavieng,PG,2021-07-14 14:53:00,-2.5744,150.7967,82.71,77,100,18.48
303,Ixtapa,MX,2021-07-14 14:53:01,20.7,-105.2,84.22,77,75,1.01
304,Namatanai,PG,2021-07-14 14:53:01,-3.6667,152.4333,79.27,84,98,7.58
305,Port Lincoln,AU,2021-07-14 14:53:01,-34.7333,135.8667,56.7,85,8,20.36
306,Laguna,US,2021-07-14 14:53:02,38.421,-121.4238,71.08,82,1,5.01
307,Coronado,US,2021-07-14 14:53:02,32.6859,-117.1831,79.77,90,90,1.99
308,Lensk,RU,2021-07-14 14:53:02,60.7253,114.9278,68.92,51,100,4.14
309,Shenjiamen,CN,2021-07-14 14:53:02,29.9576,122.298,79.2,91,100,17.94
310,Indianola,US,2021-07-14 14:53:03,41.3581,-93.5574,77.49,83,100,7.25
311,Luderitz,NA,2021-07-14 14:53:03,-26.6481,15.1594,64.53,34,0,15.52
312,Iqaluit,CA,2021-07-14 14:53:03,63.7506,-68.5145,44.33,93,90,4.61
313,Norman Wells,CA,2021-07-14 14:53:04,65.282,-126.8329,64.44,72,75,6.91
314,Praia Da Vitoria,PT,2021-07-14 14:53:04,38.7333,-27.0667,76.75,78,40,12.24
315,Northam,GB,2021-07-14 14:53:05,51.0333,-4.2167,74.91,81,100,12.82
316,Tupaciguara,BR,2021-07-14 14:53:05,-18.5922,-48.705,74.32,25,0,10.8
317,Margherita,IN,2021-07-14 14:53:05,27.2833,95.6833,75.42,97,90,1.9
318,Qostanay,KZ,2021-07-14 14:51:12,53.1667,63.5833,64.69,34,0,15.66
319,Eyl,SO,2021-07-14 14:53:06,7.9803,49.8164,82.63,64,100,27.63
320,Esil,KZ,2021-07-14 14:53:06,51.9556,66.4042,55.87,60,91,9.57
321,Kruisfontein,ZA,2021-07-14 14:53:06,-34.0033,24.7314,56.88,51,0,7.81
322,Bambanglipuro,ID,2021-07-14 14:53:07,-7.95,110.2833,60.6,82,100,5.44
323,Gumia,IN,2021-07-14 14:53:07,23.7833,85.8167,82.58,79,100,7.14
324,Panguna,PG,2021-07-14 14:53:07,-6.3164,155.4848,68.77,95,53,2.93
325,Mount Isa,AU,2021-07-14 14:53:08,-20.7333,139.5,55.17,67,27,0.0
326,Aripuana,BR,2021-07-14 14:53:08,-9.1667,-60.6333,92.61,27,4,3.98
327,Bahia Blanca,AR,2021-07-14 14:48:37,-38.7196,-62.2724,53.98,40,3,5.95
328,Vila Velha,BR,2021-07-14 14:48:11,-20.3297,-40.2925,78.75,65,40,8.05
329,Alofi,NU,2021-07-14 14:53:09,-19.0595,-169.9187,75.09,100,100,5.75
330,Ascension,US,2021-07-14 14:53:09,30.2169,-90.9001,88.0,79,1,3.44
331,Kutum,SD,2021-07-14 14:53:09,14.2,24.6667,84.4,36,100,10.87
332,San Rafael,AR,2021-07-14 14:53:10,-34.6177,-68.3301,55.11,40,0,2.66
333,Svetlogorsk,BY,2021-07-14 14:53:10,52.6333,29.7333,87.1,48,23,6.89
334,Isangel,VU,2021-07-14 14:53:10,-19.55,169.2667,69.98,80,43,13.53
335,Te Anau,NZ,2021-07-14 14:53:10,-45.4167,167.7167,46.06,96,100,1.74
336,Deputatskiy,RU,2021-07-14 14:53:11,69.3,139.9,40.78,90,100,12.95
337,Jaca,ES,2021-07-14 14:53:11,42.569,-0.5499,82.02,43,16,5.91
338,Yulara,AU,2021-07-14 14:53:11,-25.2406,130.9889,53.44,100,90,4.61
339,Carauari,BR,2021-07-14 14:53:12,-4.8828,-66.8958,87.39,60,15,1.7
340,Lodja,CD,2021-07-14 14:53:12,-3.4833,23.4333,95.76,13,53,2.44
341,Chifeng,CN,2021-07-14 14:48:50,42.2683,118.9636,74.35,90,100,3.22
342,Honningsvag,NO,2021-07-14 14:53:13,70.9821,25.9704,48.69,93,100,9.22
343,Opuwo,NA,2021-07-14 14:53:13,-18.0607,13.84,75.49,18,0,10.98
344,Pisco,PE,2021-07-14 14:53:13,-13.7,-76.2167,65.01,72,90,4.61
345,Sur,OM,2021-07-14 14:53:14,22.5667,59.5289,86.2,69,100,6.13
346,Fairbanks,US,2021-07-14 14:53:14,64.8378,-147.7164,65.23,72,90,1.01
347,Yamada,JP,2021-07-14 14:53:14,39.4667,141.95,66.6,97,78,0.87
348,Hithadhoo,MV,2021-07-14 14:53:14,-0.6,73.0833,83.16,72,15,5.12
349,Los Lunas,US,2021-07-14 14:53:15,34.8062,-106.7334,81.57,46,75,1.01
350,Berdigestyakh,RU,2021-07-14 14:53:15,62.0989,126.6992,67.15,59,84,2.24
351,Challans,FR,2021-07-14 14:53:15,46.8436,-1.8749,75.4,67,6,15.19
352,Pailon,BO,2021-07-14 14:53:16,-17.65,-62.75,81.5,34,42,14.41
353,Lingyuan,CN,2021-07-14 14:53:16,41.24,119.4011,72.27,98,79,4.21
354,Yumen,CN,2021-07-14 14:53:16,40.2833,97.2,79.52,34,100,10.47
355,Payakumbuh,ID,2021-07-14 14:53:17,-0.2202,100.6308,70.72,79,100,3.27
356,Henties Bay,NA,2021-07-14 14:53:17,-22.116,14.2845,66.85,51,0,13.78
357,Richards Bay,ZA,2021-07-14 14:53:17,-28.783,32.0377,59.58,67,39,6.51
358,Moissac,FR,2021-07-14 14:53:18,44.1024,1.0945,72.25,76,88,11.88
359,Gumrak,RU,2021-07-14 14:53:18,48.7826,44.3824,93.11,22,0,6.71
360,Turukhansk,RU,2021-07-14 14:53:18,65.8167,87.9833,54.34,59,100,5.21
361,Luang Prabang,LA,2021-07-14 14:53:19,19.8856,102.1347,75.74,92,82,2.1
362,Toora-Khem,RU,2021-07-14 14:53:19,52.4675,96.11,61.57,73,6,0.81
363,Naryan-Mar,RU,2021-07-14 14:53:19,67.6713,53.087,63.46,71,100,7.56
364,Bonthe,SL,2021-07-14 14:53:20,7.5264,-12.505,79.93,78,70,11.36
365,Bilma,NE,2021-07-14 14:53:20,18.6853,12.9164,107.33,13,53,7.96
366,Cusset,FR,2021-07-14 14:53:20,46.13,3.4596,64.74,96,100,2.93
367,Sisimiut,GL,2021-07-14 14:53:21,66.9395,-53.6735,42.93,96,100,7.72
368,Bilibino,RU,2021-07-14 14:53:21,68.0546,166.4372,48.06,93,97,2.17
369,Nanakuli,US,2021-07-14 14:53:21,21.3906,-158.1547,78.75,78,90,4.61
370,Hay River,CA,2021-07-14 14:53:22,60.8156,-115.7999,71.58,68,20,4.61
371,Goderich,CA,2021-07-14 14:50:50,43.7501,-81.7165,74.03,94,6,3.44
372,Buchanan,LR,2021-07-14 14:53:22,5.8808,-10.0467,76.96,76,98,12.26
373,Weyburn,CA,2021-07-14 14:53:23,49.6668,-103.8511,69.19,68,26,2.3
374,Padang,ID,2021-07-14 14:50:33,-0.9492,100.3543,77.94,74,100,4.76
375,Tuscaloosa,US,2021-07-14 14:48:50,33.2098,-87.5692,83.84,85,40,3.44
376,Omsukchan,RU,2021-07-14 14:53:23,62.5333,155.8,52.09,89,100,2.95
377,Fortuna,US,2021-07-14 14:53:23,40.5982,-124.1573,52.66,96,90,1.01
378,Hamilton,US,2021-07-14 14:53:24,39.1834,-84.5333,79.88,82,11,1.99
379,Okha,RU,2021-07-14 14:53:24,53.5739,142.9478,54.9,90,92,12.15
380,Lodwar,KE,2021-07-14 14:53:24,3.1191,35.5973,85.32,41,90,9.35
381,Necochea,AR,2021-07-14 14:53:25,-38.5473,-58.7368,49.03,49,75,8.25
382,Praia,CV,2021-07-14 14:53:25,14.9215,-23.5087,86.54,58,20,10.36
383,Pativilca,PE,2021-07-14 14:53:25,-10.7,-77.7833,65.01,77,82,8.12
384,Acari,PE,2021-07-14 14:53:26,-15.4311,-74.6158,70.45,59,34,7.0
385,Meulaboh,ID,2021-07-14 14:53:26,4.1363,96.1285,78.06,83,100,2.73
386,Botwood,CA,2021-07-14 14:53:26,49.1499,-55.3482,77.9,32,4,10.29
387,Alice Springs,AU,2021-07-14 14:53:27,-23.7,133.8833,58.55,77,40,0.0
388,Tsimlyansk,RU,2021-07-14 14:53:27,47.6461,42.1019,92.59,33,0,5.73
389,Flinders,AU,2021-07-14 14:53:27,-34.5833,150.8552,59.38,79,88,1.01
390,Batagay,RU,2021-07-14 14:53:27,67.6333,134.6333,48.79,83,83,13.87
391,Khilok,RU,2021-07-14 14:53:28,51.3674,110.4676,58.6,90,87,5.48
392,Bodden Town,KY,2021-07-14 14:50:27,19.2833,-81.25,88.0,78,40,4.0
393,Puerto Escondido,MX,2021-07-14 14:53:28,15.85,-97.0667,84.43,59,90,4.88
394,Atar,MR,2021-07-14 14:53:29,20.5169,-13.0499,109.58,13,0,14.32
395,Howard Springs,AU,2021-07-14 14:53:29,-12.497,131.047,73.81,93,10,1.41
396,Tayu,ID,2021-07-14 14:50:39,-6.5397,111.0518,77.23,73,100,1.03
397,Bhag,PK,2021-07-14 14:53:29,29.0415,67.8239,105.49,29,20,6.73
398,Beni,CD,2021-07-14 14:53:30,0.5,29.4667,71.1,71,100,0.92
399,Bay Roberts,CA,2021-07-14 14:53:30,47.5999,-53.2648,74.52,46,11,4.0
400,Broome,US,2021-07-14 14:53:30,42.2506,-75.833,78.71,86,54,3.0
401,Bathsheba,BB,2021-07-14 14:53:31,13.2167,-59.5167,86.61,66,40,18.41
402,Vasai,IN,2021-07-14 14:53:31,19.47,72.8,78.89,87,100,17.36
403,Orange Cove,US,2021-07-14 14:52:50,36.6244,-119.3137,82.78,77,1,0.0
404,Lorengau,PG,2021-07-14 14:53:31,-2.0226,147.2712,82.17,81,8,10.4
405,Ust-Uda,RU,2021-07-14 14:53:32,54.1742,103.0304,58.33,97,100,1.95
406,Suoyarvi,RU,2021-07-14 14:53:32,62.0833,32.35,87.91,27,36,8.39
407,Chumikan,RU,2021-07-14 14:53:33,54.7183,135.315,59.43,77,100,3.02
408,Itum-Kale,RU,2021-07-14 14:53:33,42.7356,45.5758,68.92,76,99,3.02
409,Denizli,TR,2021-07-14 14:53:33,37.8402,29.0698,99.63,11,0,10.29
410,Solnechnyy,RU,2021-07-14 14:53:33,50.7214,136.6319,69.06,99,100,1.43
411,Harper,LR,2021-07-14 14:53:34,4.375,-7.7169,78.94,70,100,11.5
412,Sal Rei,CV,2021-07-14 14:53:34,16.1833,-22.9167,81.16,69,20,11.5
413,Waseca,US,2021-07-14 14:53:35,44.0777,-93.5074,69.39,95,90,0.0
414,Tarakan,ID,2021-07-14 14:49:17,3.3,117.6333,78.3,94,20,2.3
415,Aquiraz,BR,2021-07-14 14:53:35,-3.9014,-38.3911,87.22,52,51,11.48
416,Vanavara,RU,2021-07-14 14:53:35,60.34,102.2797,65.32,59,100,8.03
417,Kyakhta,RU,2021-07-14 14:53:36,50.3508,106.4494,58.87,80,10,2.01
418,Uinskoye,RU,2021-07-14 14:53:36,56.8817,56.5813,64.49,59,0,2.77
419,Taoudenni,ML,2021-07-14 14:53:36,22.6783,-3.9836,117.77,3,0,20.38
420,Rantauprapat,ID,2021-07-14 14:53:37,2.1,99.8333,74.59,87,100,1.34
421,Vaitape,PF,2021-07-14 14:53:37,-16.5167,-151.75,80.06,65,6,21.05
422,Shelburne,CA,2021-07-14 14:53:37,44.0787,-80.2041,74.86,69,86,8.84
423,Murgab,TM,2021-07-14 14:53:38,37.4966,61.9714,96.67,19,0,11.5
424,Teya,RU,2021-07-14 14:53:38,60.3778,92.6267,63.34,78,48,2.8
425,Saint Anthony,US,2021-07-14 14:53:38,45.0205,-93.218,73.92,87,100,1.01
426,Bonavista,CA,2021-07-14 14:53:39,48.6499,-53.1147,77.0,60,18,10.89
427,Kumluca,TR,2021-07-14 14:53:39,36.3703,30.2869,91.27,42,0,8.46
428,Treinta Y Tres,UY,2021-07-14 14:53:39,-33.2333,-54.3833,53.67,98,100,10.25
429,Laurinburg,US,2021-07-14 14:53:40,34.7741,-79.4628,85.73,78,75,5.75
430,Aswan,EG,2021-07-14 14:53:40,24.0934,32.907,104.25,9,95,15.7
431,Yongzhou,CN,2021-07-14 14:53:40,26.4559,111.5988,84.15,68,71,7.56
432,Popondetta,PG,2021-07-14 14:53:41,-8.7537,148.2534,72.05,95,33,3.33
433,Revda,RU,2021-07-14 14:53:41,56.801,59.9303,67.01,56,8,4.03
434,Khudumelapye,BW,2021-07-14 14:53:41,-23.8833,24.75,58.48,12,0,6.04
435,Rio Gallegos,AR,2021-07-14 14:53:32,-51.6226,-69.2181,41.05,93,90,10.36
436,Uglegorsk,RU,2021-07-14 14:53:42,49.0833,142.0333,63.84,94,100,9.44
437,Juneau,US,2021-07-14 14:53:42,58.3019,-134.4197,52.84,95,90,4.0
438,Kaabong,UG,2021-07-14 14:53:43,3.4836,34.1492,65.19,81,100,1.54
439,Coari,BR,2021-07-14 14:52:15,-4.085,-63.1414,87.44,59,99,1.3
440,Himatangi,NZ,2021-07-14 14:53:43,-40.4,175.3167,54.86,85,67,16.33
441,Honiara,SB,2021-07-14 14:53:43,-9.4333,159.95,77.45,85,10,7.72
442,Seabra,BR,2021-07-14 14:53:44,-12.4186,-41.7703,71.33,71,96,11.14
443,Kattivakkam,IN,2021-07-14 14:53:44,13.2167,80.3167,77.09,66,100,8.37
444,Chazuta,PE,2021-07-14 14:53:44,-6.5742,-76.1367,77.85,62,2,0.81
445,Marsh Harbour,BS,2021-07-14 14:53:45,26.5412,-77.0636,81.82,77,78,15.86
446,Fauske,NO,2021-07-14 14:53:45,67.2588,15.3918,68.65,67,100,1.01
447,Takoradi,GH,2021-07-14 14:53:45,4.8845,-1.7554,78.96,77,96,13.2
448,Hays,US,2021-07-14 14:53:46,30.0502,-98.0336,79.81,90,73,1.99
449,Rawson,AR,2021-07-14 14:53:46,-43.3002,-65.1023,49.51,44,51,11.39
450,Singaraja,ID,2021-07-14 14:53:46,-8.112,115.0882,76.01,77,95,6.51
451,Escanaba,US,2021-07-14 14:53:47,45.7453,-87.0646,79.68,81,1,6.91
452,Gizo,SB,2021-07-14 14:53:47,-8.103,156.8419,81.9,79,51,10.47
453,Port Hueneme,US,2021-07-14 14:53:47,34.1478,-119.1951,79.63,88,90,0.0
454,Rocha,UY,2021-07-14 14:53:47,-34.4833,-54.3333,53.1,91,100,8.34
455,Tarko-Sale,RU,2021-07-14 14:53:48,64.9225,77.785,55.31,52,54,9.42
456,Libenge,CD,2021-07-14 14:53:48,3.65,18.6333,82.65,63,100,1.14
457,Hervey Bay,AU,2021-07-14 14:53:48,-25.2986,152.8535,69.04,85,81,1.01
458,Port Macquarie,AU,2021-07-14 14:53:50,-31.4333,152.9167,58.89,77,100,9.15
459,Ponta Delgada,PT,2021-07-14 14:53:50,37.7333,-25.6667,74.12,73,20,14.97
460,Bocas Del Toro,PA,2021-07-14 14:53:50,9.3333,-82.25,87.08,77,100,5.68
461,Grants,US,2021-07-14 14:53:51,35.1473,-107.8514,62.83,72,90,8.05
462,Inirida,CO,2021-07-14 14:53:51,3.8653,-67.9239,74.21,96,100,1.48
463,Lerwick,GB,2021-07-14 14:53:51,60.1545,-1.1494,57.2,82,100,12.48
464,Boende,CD,2021-07-14 14:53:52,-0.2167,20.8667,94.66,28,75,3.02
465,Ilulissat,GL,2021-07-14 14:53:52,69.2167,-51.1,37.13,98,100,9.55
466,Ayagoz,KZ,2021-07-14 14:53:52,47.9714,80.4392,68.0,28,0,16.33
467,Ugoofaaru,MV,2021-07-14 14:53:53,5.6667,73.0,82.56,80,87,12.1
468,Camacha,PT,2021-07-14 14:53:53,33.0833,-16.3333,74.16,64,20,17.27
469,Tocopilla,CL,2021-07-14 14:53:53,-22.092,-70.1979,64.72,70,22,12.91
470,Pochutla,MX,2021-07-14 14:53:54,15.7432,-96.4661,81.82,71,100,1.52
471,Matara,LK,2021-07-14 14:53:54,5.9485,80.5353,78.78,86,100,9.6
472,Batouri,CM,2021-07-14 14:53:54,4.4333,14.3667,79.39,75,70,1.95
473,Ust-Nera,RU,2021-07-14 14:53:55,64.5667,143.2,58.64,53,1,6.73
474,Gimli,CA,2021-07-14 14:53:55,50.6336,-96.9907,74.43,72,0,4.61
475,North Platte,US,2021-07-14 14:51:42,41.1239,-100.7654,74.01,77,1,1.99
476,Kalemie,CD,2021-07-14 14:53:55,-5.9475,29.1947,78.4,51,32,6.35
477,Haines Junction,CA,2021-07-14 14:53:56,60.7522,-137.5108,46.35,93,100,0.0
478,Astaneh-Ye Ashrafiyeh,IR,2021-07-14 14:53:56,37.2596,49.9444,80.53,48,19,6.58
479,Teseney,ER,2021-07-14 14:53:57,15.11,36.6575,83.97,57,100,9.46
480,Dharchula,IN,2021-07-14 14:53:57,29.85,80.5333,73.26,89,91,2.55
481,Loubomo,CG,2021-07-14 14:53:57,-4.1997,12.6739,89.73,32,36,3.47
482,Aquidauana,BR,2021-07-14 14:53:58,-20.4711,-55.7872,90.57,19,70,7.11
483,Gao,ML,2021-07-14 14:53:58,16.6362,1.637,100.8,27,5,11.12
484,Piacabucu,BR,2021-07-14 14:53:58,-10.4056,-36.4344,78.19,82,21,12.93
485,Burnie,AU,2021-07-14 14:53:59,-41.0667,145.9167,52.29,94,100,3.11
486,Soyo,AO,2021-07-14 14:53:59,-6.1349,12.3689,76.64,73,25,11.83
487,Humaita,BR,2021-07-14 14:51:15,-7.5061,-63.0208,93.69,40,14,1.7
488,Mayo,US,2021-07-14 14:53:59,38.8876,-76.5119,90.64,66,1,1.99
489,Ilula,TZ,2021-07-14 14:54:00,-7.6766,36.0366,66.45,76,80,7.14
490,Tsiroanomandidy,MG,2021-07-14 14:54:00,-18.7667,46.0333,68.49,44,24,5.14
491,Paragominas,BR,2021-07-14 14:51:00,-2.9667,-47.4833,89.73,47,9,4.5
492,Gallup,US,2021-07-14 14:54:01,35.5281,-108.7426,64.02,72,99,5.01
493,Leningradskiy,RU,2021-07-14 14:54:01,69.3833,178.4167,41.52,96,100,10.54
494,Souillac,MU,2021-07-14 14:54:01,-20.5167,57.5167,72.36,68,20,13.8
495,Novyy Urengoy,RU,2021-07-14 14:54:02,66.0833,76.6333,57.09,48,39,5.97
496,Waipawa,NZ,2021-07-14 14:54:02,-41.4122,175.5153,52.03,71,24,19.89
497,Maragogi,BR,2021-07-14 14:54:02,-9.0122,-35.2225,79.66,77,20,13.73
498,Groa,NO,2021-07-14 14:54:03,62.65,8.7167,66.29,66,99,3.04
499,Praya,CV,2021-07-14 14:53:10,14.9215,-23.5087,86.54,58,20,10.36
500,Lossiemouth,GB,2021-07-14 14:54:03,57.7214,-3.2834,79.45,46,20,18.41
501,Diourbel,SN,2021-07-14 14:54:03,14.6628,-16.3925,94.48,38,99,16.22
502,San Benito,US,2021-07-14 14:54:04,36.6166,-121.0844,44.15,49,1,3.94
503,Victoria Point,AU,2021-07-14 14:54:04,-27.5833,153.3,65.28,80,76,1.99
504,Mahajanga,MG,2021-07-14 14:54:04,-15.7167,46.3167,87.82,33,20,8.05
505,Varhaug,NO,2021-07-14 14:54:05,58.6147,5.6457,73.69,79,10,15.21
506,Zhigansk,RU,2021-07-14 14:54:05,66.7697,123.3711,47.77,73,7,6.76
507,Banjar,ID,2021-07-14 14:54:05,-8.19,114.9675,80.46,86,98,6.87
508,Shimoda,JP,2021-07-14 14:54:06,34.6667,138.95,73.51,87,100,2.35
509,Washington,US,2021-07-14 14:51:04,47.5001,-120.5015,76.62,44,0,4.85
510,Abu Samrah,SY,2021-07-14 14:54:06,35.3029,37.1841,96.33,21,0,19.89
511,Dunmore Town,BS,2021-07-14 14:54:06,25.5,-76.65,81.79,77,63,17.07
512,Nome,US,2021-07-14 14:54:07,64.5011,-165.4064,49.15,95,99,3.13
513,Mackay,AU,2021-07-14 14:54:07,-21.15,149.2,68.68,94,90,3.44
514,Narimanov,RU,2021-07-14 14:54:07,46.6927,47.8498,91.31,36,76,2.86
515,Cayenne,GF,2021-07-14 14:54:08,4.9333,-52.3333,86.09,77,75,4.0
516,Kahului,US,2021-07-14 14:52:16,20.8947,-156.47,76.84,88,20,8.05
517,Maldonado,UY,2021-07-14 14:54:08,-34.6667,-54.9167,54.23,90,100,11.01
518,Bubaque,GW,2021-07-14 14:54:08,11.2833,-15.8333,80.28,82,100,13.15
519,Mehamn,NO,2021-07-14 14:54:09,71.0357,27.8492,53.51,88,98,18.07
520,Bissau,GW,2021-07-14 14:54:09,11.8636,-15.5977,87.91,70,75,4.61
521,La Romana,DO,2021-07-14 14:50:48,18.4273,-68.9728,82.76,78,75,6.91
522,Khor,RU,2021-07-14 14:54:10,47.8861,134.9464,71.49,82,100,4.16
523,Birin,NP,2021-07-14 14:54:10,26.8865,88.0718,64.45,92,48,2.26
524,Soligalich,RU,2021-07-14 14:54:10,59.0778,42.2864,81.63,53,81,2.95
525,Mishan,CN,2021-07-14 14:54:10,45.55,131.8833,68.45,96,100,5.41
526,Sakakah,SA,2021-07-14 14:54:11,29.9697,40.2064,107.17,10,3,12.86
527,Kirakira,SB,2021-07-14 14:54:11,-10.4544,161.9205,79.41,83,23,13.18
528,Cerete,CO,2021-07-14 14:50:48,8.8848,-75.7905,82.35,78,100,4.68
529,Asbest,RU,2021-07-14 14:54:12,57.0099,61.4578,68.0,61,7,4.36
530,Stryn,NO,2021-07-14 14:54:12,61.9045,6.7226,77.25,62,22,3.91
531,San Francisco,US,2021-07-14 14:51:36,37.7749,-122.4194,60.31,90,75,5.01
532,Agadez,NE,2021-07-14 14:54:12,19.75,10.25,106.83,10,95,6.71
533,Misratah,LY,2021-07-14 14:54:13,32.3754,15.0925,89.94,46,0,17.07
534,Pangoa,PE,2021-07-14 14:54:34,-12.1167,-73.0,75.78,86,49,1.52
535,Tautira,PF,2021-07-14 14:54:34,-17.7333,-149.15,71.62,68,10,19.08
536,Envira,BR,2021-07-14 14:54:35,-7.3,-70.2167,81.25,67,100,2.28
537,Xingcheng,CN,2021-07-14 14:54:35,40.6167,120.7167,73.58,98,77,5.44
538,Aizkraukle,LV,2021-07-14 14:54:35,56.6048,25.2553,79.9,93,93,7.11
539,Santa Cruz,BO,2021-07-14 14:49:48,-17.8,-63.1667,80.06,69,75,13.8
540,Narsaq,GL,2021-07-14 14:54:36,60.9167,-46.05,57.02,60,42,2.93
541,Bardiyah,LY,2021-07-14 14:54:36,31.7561,25.0865,84.49,51,0,18.61
542,Hami,CN,2021-07-14 14:54:36,42.8,93.45,85.41,28,100,27.29
543,Kushiro,JP,2021-07-14 14:54:37,42.975,144.3747,58.37,98,80,1.21
544,Allapalli,IN,2021-07-14 14:54:37,19.4167,80.0667,77.36,92,59,5.5
545,Zhavoronki,RU,2021-07-14 14:54:37,55.6497,37.1042,91.08,33,0,8.95
546,Nacala,MZ,2021-07-14 14:54:38,-14.5428,40.6728,79.92,65,20,11.5
547,Lancaster,US,2021-07-14 14:51:58,40.2504,-76.2499,85.73,71,1,1.99
548,Road Town,VG,2021-07-14 14:49:57,18.4167,-64.6167,85.19,70,75,8.05
549,Tamalameque,CO,2021-07-14 14:54:38,8.8522,-73.8123,89.94,48,99,3.4
550,Acapulco,MX,2021-07-14 14:53:23,16.8634,-99.8901,82.17,76,97,2.35
551,Labuhan,ID,2021-07-14 14:54:39,-6.8844,112.2051,77.59,73,70,5.7
552,Sulangan,PH,2021-07-14 14:54:39,11.1373,123.7228,81.84,78,100,1.21
553,Ryde,GB,2021-07-14 14:50:40,50.73,-1.1621,77.72,86,2,3.0
554,Khani,GE,2021-07-14 14:54:40,41.9563,42.9566,76.57,89,99,3.53
555,Aklavik,CA,2021-07-14 14:54:40,68.2191,-135.0107,47.23,75,98,17.11
556,Afua,BR,2021-07-14 14:54:40,-0.1567,-50.3867,88.14,57,19,4.23
557,Chaman,PK,2021-07-14 14:54:41,30.9236,66.4512,93.36,16,0,5.95
558,Iwanai,JP,2021-07-14 14:54:41,42.9744,140.5089,62.01,96,54,5.82
559,Aykhal,RU,2021-07-14 14:54:41,66.0,111.5,45.5,72,41,3.51
560,Victor Harbor,AU,2021-07-14 14:54:41,-35.5667,138.6167,59.47,85,9,3.0
561,Gigmoto,PH,2021-07-14 14:54:42,13.7796,124.39,80.74,84,97,3.0
562,Dali,CN,2021-07-14 14:54:42,25.7,100.1833,64.49,88,100,4.92
563,Colares,PT,2021-07-14 14:54:42,38.7992,-9.4469,90.59,44,0,12.66
564,Viedma,AR,2021-07-14 14:54:43,-40.8135,-62.9967,51.37,41,95,12.06
565,Puri,IN,2021-07-14 14:54:43,19.8,85.85,87.39,79,11,16.35
566,Cuamba,MZ,2021-07-14 14:54:43,-14.8031,36.5372,76.14,40,79,6.42
